id,name,action,file name,file type,date
c20562ce-494d-4af2-9e1c-8bc71fcf7eb7,amr,Create File,file1,txt,Wed Jul 10 2024 20:26:48 GMT+0300 (Israel Daylight Time)
1aeb4078-e3eb-45b2-b2bb-4134c8f21dc1,amr,Create File,file2,txt,Wed Jul 10 2024 20:27:05 GMT+0300 (Israel Daylight Time)
24645e15-dde1-4410-b258-2d15c2934ff7,amr,Create File,file1,txt,Wed Jul 10 2024 20:27:11 GMT+0300 (Israel Daylight Time)
10d2dc08-0a43-4e95-8b60-bc12943b0714,file1,Edit File,file1,.txt,Wed Jul 10 2024 20:28:19 GMT+0300 (Israel Daylight Time)
5fa8ac4a-fa68-4d58-a38c-be06fe15747d,amr,Edit File,file1,.txt,Wed Jul 10 2024 20:28:42 GMT+0300 (Israel Daylight Time)
2a02daad-e637-4cf2-a890-8f71c0be7983,amr,Edit File,file3,.txt,Wed Jul 10 2024 20:28:51 GMT+0300 (Israel Daylight Time)
68b21fa1-dec4-49b7-8011-eee32991281a,amr,Edit File,file3,.txt,Wed Jul 10 2024 20:29:47 GMT+0300 (Israel Daylight Time)
0cc1df8f-453c-494e-9763-0d117a9748c7,amr,Edit File,file33,.txt,Wed Jul 10 2024 20:29:54 GMT+0300 (Israel Daylight Time)
d0ad985f-af28-4e4c-a35c-298da43d3b97,file3,Edit File,file3,.txt,Thu Jul 11 2024 21:09:34 GMT+0300 (Israel Daylight Time)
2eb123bb-ab3d-4ff7-b037-e852a8965b5a,file3,Edit File,file3,.txt,Thu Jul 11 2024 21:11:08 GMT+0300 (Israel Daylight Time)
d6d06c6a-989f-4fb3-96e3-37d251011d8b,ttt,Edit File,ttt,.txt,Thu Jul 11 2024 21:12:06 GMT+0300 (Israel Daylight Time)
7bbb4191-eba6-44fb-aeef-a64ef06e6b07,anonymous,Delete File,file2,.txt,Thu Jul 11 2024 21:35:15 GMT+0300 (Israel Daylight Time)
c3261a19-e2a4-42a7-8bd0-75c9a66c0305,amr,Create File,cs,txt,Thu Jul 11 2024 22:02:10 GMT+0300 (Israel Daylight Time)
fee0e0f4-6ad8-4fc1-aea4-439ff21d0dda,file33,Edit File,3322,.txt,Thu Jul 11 2024 22:02:48 GMT+0300 (Israel Daylight Time)
108c0808-9f44-4e1f-b834-bb54a8e915df,awe,Create File,aw,txt,Fri Jul 12 2024 15:40:23 GMT+0300 (Israel Daylight Time)
86040184-4023-4d32-ae7f-67b4213a901c,dwa,Create File,adw,txt,Fri Jul 12 2024 15:40:34 GMT+0300 (Israel Daylight Time)
b734add5-f85e-4ebe-95fe-c157dcbe91fb,dwa,Create File,adw,txt,Fri Jul 12 2024 15:43:20 GMT+0300 (Israel Daylight Time)
2f9feb99-7119-4e0d-9c6e-d4cee5bcc0ae,aaa,Create File,aaa,txt,Fri Jul 12 2024 15:43:28 GMT+0300 (Israel Daylight Time)
598d9a73-8283-45cb-958f-15dde98066bf,aaa,Create File,aaa,txt,Fri Jul 12 2024 15:43:51 GMT+0300 (Israel Daylight Time)
0892c6f0-9adb-4090-89cd-878859e4a460,aaa,Create File,aaa,txt,Fri Jul 12 2024 15:43:52 GMT+0300 (Israel Daylight Time)
35756d00-6ebe-4eaf-bae3-37736b1ac2d8,aaa,Create File,aaa,txt,Fri Jul 12 2024 15:44:15 GMT+0300 (Israel Daylight Time)
800dddaa-d021-4af9-b880-cf92a14ffc74,aaa,Create File,aaa,txt,Fri Jul 12 2024 15:44:17 GMT+0300 (Israel Daylight Time)
5b048292-52ef-4a8e-830b-fa672978180e,aaa,Create File,aaa,txt,Fri Jul 12 2024 15:44:18 GMT+0300 (Israel Daylight Time)
e1d4dac4-fc8b-4781-880f-04d0dc37e50f,aaa,Create File,aaa,txt,Fri Jul 12 2024 15:44:26 GMT+0300 (Israel Daylight Time)
47d14298-044a-4e46-9e3d-91154ff7616a,aaa,Create File,aaa,txt,Fri Jul 12 2024 15:44:30 GMT+0300 (Israel Daylight Time)
cde9bdd2-96c8-4fcd-aeec-17c576d7065e,aaa,Create File,aaa,txt,Fri Jul 12 2024 15:44:36 GMT+0300 (Israel Daylight Time)
12e3d2e5-63ee-4777-a427-10249e0fc4f6,aaa,Create File,aaa,txt,Fri Jul 12 2024 15:44:42 GMT+0300 (Israel Daylight Time)
0cfe2cdf-2efe-407b-af59-3e4aab31bd48,aaa,Create File,aaa,txt,Fri Jul 12 2024 15:44:59 GMT+0300 (Israel Daylight Time)
c2f36259-5901-4536-863a-838f9c224e89,aaa,Create File,aaa,txt,Fri Jul 12 2024 15:45:18 GMT+0300 (Israel Daylight Time)
384cab86-1d63-45dc-b86d-b362349b65c3,aaa,Create File,aaa,txt,Fri Jul 12 2024 15:45:27 GMT+0300 (Israel Daylight Time)
0b58f3de-30a6-4fb1-9710-ba8488ed8dae,aaa,Create File,aaa,txt,Fri Jul 12 2024 15:45:28 GMT+0300 (Israel Daylight Time)
dcf5453e-32d7-4f46-bf47-b61d9c1207da,aaa,Create File,aaa,txt,Fri Jul 12 2024 15:45:29 GMT+0300 (Israel Daylight Time)
5aad4c1f-7143-4990-b115-d01d6e472402,aaa,Create File,aaa,txt,Fri Jul 12 2024 15:45:49 GMT+0300 (Israel Daylight Time)
ea5c5f84-97a5-4ecb-9d58-fd126a418828,aaa,Create File,aaa,txt,Fri Jul 12 2024 15:45:58 GMT+0300 (Israel Daylight Time)
b4b53af5-276d-4d32-a2a9-a74a45e9a31c,aaa,Create File,aaa,txt,Fri Jul 12 2024 15:46:00 GMT+0300 (Israel Daylight Time)
e729a3a1-2233-4b50-8418-6cd828a7d11a,dwdw,Create File,dwdw,txt,Fri Jul 12 2024 15:46:06 GMT+0300 (Israel Daylight Time)
788548d1-ff56-41c9-a39c-15b4e570c23d,dwdw,Create File,dwdw,txt,Fri Jul 12 2024 15:46:11 GMT+0300 (Israel Daylight Time)
a665e24c-aa85-4566-a28d-66a56e43fe63,dwdw,Create File,dwdw,txt,Fri Jul 12 2024 15:46:22 GMT+0300 (Israel Daylight Time)
ca572706-46a7-413b-8ad4-2862dfec18c5,dwdw,Create File,dwdw,txt,Fri Jul 12 2024 15:46:33 GMT+0300 (Israel Daylight Time)
e821c2f0-f735-42eb-b8fd-d7de309b3c8d,dwdw,Create File,dwdw,txt,Fri Jul 12 2024 15:47:03 GMT+0300 (Israel Daylight Time)
bbaee064-3c46-4c35-b879-db5c261c5ebe,dwdw,Create File,dwdw,txt,Fri Jul 12 2024 15:47:18 GMT+0300 (Israel Daylight Time)
fd99d7ba-dc5c-4c19-8dab-07302d202a2f,dwdw,Create File,dwdw,txt,Fri Jul 12 2024 15:47:33 GMT+0300 (Israel Daylight Time)
90ccb2f1-13e4-426b-a259-96816b2a61d4,dwdw,Create File,dwdw,txt,Fri Jul 12 2024 15:48:21 GMT+0300 (Israel Daylight Time)
15235666-7f22-41ff-b57a-37c90d9c764e,dwdw,Create File,dwdw,txt,Fri Jul 12 2024 15:48:25 GMT+0300 (Israel Daylight Time)
c7a7c7cd-5283-4c00-b9cf-98cef774e838,ewew,Create File,ewew,txt,Fri Jul 12 2024 15:48:43 GMT+0300 (Israel Daylight Time)
e5710e9e-0335-4d3c-9940-5f455b5e709f,ewew,Create File,ewew,txt,Fri Jul 12 2024 15:49:56 GMT+0300 (Israel Daylight Time)
c260317b-b634-4f47-8f63-d331d22d18a7,ewew,Create File,ewew,txt,Fri Jul 12 2024 15:50:40 GMT+0300 (Israel Daylight Time)
36530bd6-f690-4fd7-836c-6fd444060f40,ewew,Create File,ewew,txt,Fri Jul 12 2024 15:51:30 GMT+0300 (Israel Daylight Time)
7ef55abe-fda2-484d-9e96-147579324d38,eewew,Create File,ewew,txt,Fri Jul 12 2024 15:51:58 GMT+0300 (Israel Daylight Time)
2d5412ce-1707-46d4-8e29-c30c6d9ea315,eewew,Create File,ewew,json,Fri Jul 12 2024 15:52:02 GMT+0300 (Israel Daylight Time)
386a5366-c129-4cea-ae32-1e615eacf8b2,eewew,Create File,ewew,json,Fri Jul 12 2024 15:52:04 GMT+0300 (Israel Daylight Time)
4c43255d-84d9-4334-b742-eb87ef9673d8,weew,Create File,ewew,txt,Fri Jul 12 2024 15:52:28 GMT+0300 (Israel Daylight Time)
dd3484ab-521d-433f-a820-9057e4639f12,weew,Create File,ewew,txt,Fri Jul 12 2024 15:52:30 GMT+0300 (Israel Daylight Time)
85853e1e-0e27-45c1-997f-3d9a00f134b5,weew,Create File,ewew,txt,Fri Jul 12 2024 15:52:31 GMT+0300 (Israel Daylight Time)
71fcd192-d217-46f6-8cca-16465c9b0c8a,weew,Create File,ewew,txt,Fri Jul 12 2024 15:52:34 GMT+0300 (Israel Daylight Time)
cf4a6036-637f-4207-a67f-ea01a29e8dd7,ewew,Create File,ewew,txt,Fri Jul 12 2024 15:53:17 GMT+0300 (Israel Daylight Time)
e1a11df1-fa1c-4566-8d15-8aea33216778,ewew,Create File,ewew,json,Fri Jul 12 2024 15:53:21 GMT+0300 (Israel Daylight Time)
eb5aefaa-1b17-4597-a963-5401838b236c,ewew,Create File,ewew,json,Fri Jul 12 2024 15:53:22 GMT+0300 (Israel Daylight Time)
50920f78-970f-41b5-a9cd-b80b92673d67,wewe,Create File,weew,txt,Fri Jul 12 2024 15:53:30 GMT+0300 (Israel Daylight Time)
63a4fbc3-c3bc-4104-b8d9-7eb6edace87a,daw,Create File,daw,txt,Fri Jul 12 2024 15:54:07 GMT+0300 (Israel Daylight Time)
e6dc9535-508c-4ded-a532-02c1dda7b443,daw,Create File,daw,txt,Fri Jul 12 2024 15:54:30 GMT+0300 (Israel Daylight Time)
e97ad678-1017-4ad2-a180-d6c006a092e8,daw,Create File,daw,txt,Fri Jul 12 2024 15:54:32 GMT+0300 (Israel Daylight Time)
9691bdf4-42c4-41dd-85e6-ec14aa243649,daw,Create File,daw,txt,Fri Jul 12 2024 15:54:33 GMT+0300 (Israel Daylight Time)
7befeea1-1ec7-4ba3-acb4-d922b7a9c987,daw,Create File,daw,json,Fri Jul 12 2024 15:54:35 GMT+0300 (Israel Daylight Time)
2e20420e-a33a-43bd-bd31-b834c073a57c,daw,Create File,daw,json,Fri Jul 12 2024 15:54:37 GMT+0300 (Israel Daylight Time)
03645572-23e3-430d-8901-83df6821c22b,daw,Create File,daw,json,Fri Jul 12 2024 15:54:38 GMT+0300 (Israel Daylight Time)
1477f290-89a8-4048-a541-29844c53135f,dawdwa,Create File,dwad,txt,Fri Jul 12 2024 15:55:54 GMT+0300 (Israel Daylight Time)
9d1d7415-1e44-454f-82a1-6d018b573032,daw,Edit File,daw,.txt,Fri Jul 12 2024 15:56:52 GMT+0300 (Israel Daylight Time)
f1f1128e-dbb3-43f2-895c-d4be329941d4,daw,Edit File,dddaaa,.txt,Fri Jul 12 2024 15:57:02 GMT+0300 (Israel Daylight Time)
8ab243b9-e6d0-4c0c-8c88-fbe313669d45,daw,Edit File,dddaaa,.txt,Fri Jul 12 2024 15:57:12 GMT+0300 (Israel Daylight Time)
50c1a294-4b29-48a1-81f5-ae990f3799bf,daw,Edit File,dddaaa,.txt,Fri Jul 12 2024 16:44:41 GMT+0300 (Israel Daylight Time)
7f592651-622d-4a5c-b083-5dd19d2d363c,dddaaa,Edit File,dddaaa,.txt,Fri Jul 12 2024 17:02:00 GMT+0300 (Israel Daylight Time)
93591ac4-15fb-4130-a894-5992d60446d9,ewew,Edit File,ewew,.txt,Fri Jul 12 2024 18:55:50 GMT+0300 (Israel Daylight Time)
3096e94d-be0f-4b8d-a9af-3b6faf76106a,daw,Create File,maaaa,txt,Fri Jul 12 2024 18:58:42 GMT+0300 (Israel Daylight Time)
1c5db477-a702-49a1-a174-384480d7c3bd,daw,Create File,maaaa,txt,Fri Jul 12 2024 18:58:48 GMT+0300 (Israel Daylight Time)
6cca5445-cec2-4ffd-bb4c-56c399aba602,dwadaw,Create File,dwad,txt,Fri Jul 12 2024 19:00:23 GMT+0300 (Israel Daylight Time)
e7d03d5a-1c4f-4f82-9110-ac23a0934ac1,dwadaw,Create File,aaa,txt,Fri Jul 12 2024 19:00:26 GMT+0300 (Israel Daylight Time)
c1505ec4-8631-4493-9ab4-a643f3916f35,anonymous,Create File,aaa,.txt,Fri Jul 12 2024 19:00:31 GMT+0300 (Israel Daylight Time)
ca2d54d3-7576-427d-8367-69a801cda53f,www,Create File,wwww,txt,Fri Jul 12 2024 19:00:57 GMT+0300 (Israel Daylight Time)
c5c6b775-0e30-421d-8522-9fd074f8c9aa,anonymous,Delete File,wwww,.txt,Fri Jul 12 2024 19:01:01 GMT+0300 (Israel Daylight Time)
c2105f95-bc1c-4982-b73a-fa7dfe5dc663,SampleTextFile_500kb,Edit File,SampleTextFile_500kb,.txt,Sat Jul 13 2024 00:24:51 GMT+0300 (Israel Daylight Time)
6ec8f537-bf4f-4eda-acf1-74fccbb8fa2a,SampleTextFile_500kb,Edit File,SampleTextFile_500kb,.txt,Sat Jul 13 2024 00:25:41 GMT+0300 (Israel Daylight Time)
0db8fc44-f4c6-4fdc-8730-1e3d67d5b7e3,SampleTextFile_500kb,Edit File,SampleTextFile_500kb,.txt,Sat Jul 13 2024 00:26:12 GMT+0300 (Israel Daylight Time)
8ebe0e3c-f3ca-453e-a09b-a90dc3abdce9,dddaaa,Edit File,dddaaa,.txt,Sat Jul 13 2024 00:28:16 GMT+0300 (Israel Daylight Time)
dd8d6d22-18f8-4c8f-9273-3d584e57cd67,dddaaa,Edit File,dddaaa,.txt,Sat Jul 13 2024 00:28:22 GMT+0300 (Israel Daylight Time)
20ea41e5-0c92-44fa-9d9f-3665503e97ea,amr,Create File,wewe,.txt,Sat Jul 13 2024 00:43:28 GMT+0300 (Israel Daylight Time)
096dc7f8-c4cd-4493-a3fe-75f8561b9a1e,amr,Create File,wewe,.txt,Sat Jul 13 2024 00:44:19 GMT+0300 (Israel Daylight Time)
3f16a608-09aa-4047-9f74-3da2f1d098e0,amr,Create File,wewe,.txt,Sat Jul 13 2024 00:44:33 GMT+0300 (Israel Daylight Time)
2d4688cc-0f19-4643-8503-7fbf947bc8d8,amr,Create File,wewe,.txt,Sat Jul 13 2024 00:45:32 GMT+0300 (Israel Daylight Time)
9ecb007a-cd47-4753-98a8-5ba19826da84,amr,Create File,wewe,.txt,Sat Jul 13 2024 00:45:56 GMT+0300 (Israel Daylight Time)
26bfe7e2-0070-4bb0-b2ae-34eeb2612858,amr,Create File,wewe,.txt,Sat Jul 13 2024 00:46:04 GMT+0300 (Israel Daylight Time)
ac948a22-54f8-4eb0-8097-0df0937a4307,amr,Create File,wewe,.txt,Sat Jul 13 2024 00:46:38 GMT+0300 (Israel Daylight Time)
2f1734a3-1b15-47d5-9a35-483e5203ef11,amr,Create File,wewe,.txt,Sat Jul 13 2024 00:47:00 GMT+0300 (Israel Daylight Time)
91c23731-8a3c-4b1b-bdb8-8ce7c9871e28,amr,Create File,wewe,.txt,Sat Jul 13 2024 00:47:40 GMT+0300 (Israel Daylight Time)
a9ba3ee3-5843-45d7-a424-2d0cb25e68ba,amr,Create File,wewe,.txt,Sat Jul 13 2024 00:52:45 GMT+0300 (Israel Daylight Time)
8be35caa-7865-4570-8237-f6f7ca639a5d,amr,Create File,wewe,.txt,Sat Jul 13 2024 00:53:07 GMT+0300 (Israel Daylight Time)
95e9c260-0ba1-4a4b-b106-9a0cfc5a7c35,amr,Create File,wewe,.txt,Sat Jul 13 2024 00:53:08 GMT+0300 (Israel Daylight Time)
fc610afe-ab0c-4197-ab9b-3d3cc7297cce,amr,Create File,wewe,.txt,Sat Jul 13 2024 00:53:10 GMT+0300 (Israel Daylight Time)
2280c6a1-4144-48b2-a6fa-53d0cb0f5101,amr,Create File,wewe,.txt,Sat Jul 13 2024 00:53:17 GMT+0300 (Israel Daylight Time)
f4d58eea-6f1e-461c-a493-54be3da28cdd,amr,Create File,wewe,.txt,Sat Jul 13 2024 00:53:17 GMT+0300 (Israel Daylight Time)
aa2017cb-89b3-4a0b-b1e5-c5e4b84d6b96,amr,Create File,wewe,.txt,Sat Jul 13 2024 00:53:18 GMT+0300 (Israel Daylight Time)
9ecaef67-04f8-4a1b-8b3f-44b331bd125c,we,Create File,we,.txt,Sat Jul 13 2024 00:53:25 GMT+0300 (Israel Daylight Time)
b4b1185a-3b33-4fa5-8b8b-f97ac8154a19,we,Create File,we,.txt,Sat Jul 13 2024 00:53:48 GMT+0300 (Israel Daylight Time)
6b757118-e3f8-4866-9cc2-2259edfb7293,we,Create File,we,.txt,Sat Jul 13 2024 00:54:10 GMT+0300 (Israel Daylight Time)
d26592c6-9107-4d2a-bc98-902ac4053983,we,Create File,we,.txt,Sat Jul 13 2024 00:54:16 GMT+0300 (Israel Daylight Time)
90036ee0-447a-49b8-9ad7-c5e52a0a26e7,we,Create File,we,.txt,Sat Jul 13 2024 00:54:28 GMT+0300 (Israel Daylight Time)
65b6e01e-ee10-4774-a95f-7eb75f422351,we,Create File,we,.txt,Sat Jul 13 2024 00:54:46 GMT+0300 (Israel Daylight Time)
8dbb8e1d-8a86-400c-b4e8-afe9cd22e20e,we,Create File,we,.txt,Sat Jul 13 2024 00:55:15 GMT+0300 (Israel Daylight Time)
c733c8af-face-492a-ae7c-d287746273ca,we,Create File,we,.txt,Sat Jul 13 2024 00:56:06 GMT+0300 (Israel Daylight Time)
2a3d0040-7207-4e7f-975a-19b27106e384,we,Create File,we,.txt,Sat Jul 13 2024 01:03:27 GMT+0300 (Israel Daylight Time)
d2e99d96-15bb-4158-825a-632b6e9d19c4,we,Create File,we,.txt,Sat Jul 13 2024 01:04:01 GMT+0300 (Israel Daylight Time)
688a12f1-8e38-4057-ba85-f35e569b975b,we,Create File,we,.txt,Sat Jul 13 2024 01:04:21 GMT+0300 (Israel Daylight Time)
9d2af69d-93ff-4472-81e1-d861d13f7e20,we,Create File,we,.txt,Sat Jul 13 2024 01:04:34 GMT+0300 (Israel Daylight Time)
ab20b24a-4b22-4e65-8940-9e15f2534029,we,Create File,we,.txt,Sat Jul 13 2024 01:04:46 GMT+0300 (Israel Daylight Time)
d595d971-856a-4216-b11a-c26d441da092,we,Create File,we,.txt,Sat Jul 13 2024 01:06:13 GMT+0300 (Israel Daylight Time)
23f52860-59d5-48cb-8381-56d62622ab43,we,Create File,we,.txt,Sat Jul 13 2024 01:06:26 GMT+0300 (Israel Daylight Time)
c0418de6-1ef4-4e04-ab36-c8511eedfafe,we,Create File,we,.txt,Sat Jul 13 2024 01:06:33 GMT+0300 (Israel Daylight Time)
99d9ae03-fd01-4c37-8075-5218ff25b88f,we,Create File,we,.txt,Sat Jul 13 2024 01:08:27 GMT+0300 (Israel Daylight Time)
13c453c6-6698-4e4d-ab80-f4574836d000,we,Create File,we,.txt,Sat Jul 13 2024 01:08:45 GMT+0300 (Israel Daylight Time)
ff2fe862-4566-4541-a4c6-20c903c4f1de,we,Create File,we,.txt,Sat Jul 13 2024 01:08:49 GMT+0300 (Israel Daylight Time)
be4979e9-2552-43a8-a509-ad4dde53b608,we,Create File,we,.txt,Sat Jul 13 2024 01:33:01 GMT+0300 (Israel Daylight Time)
c17f59c3-9421-4f46-ad1e-bfc6f422e30a,we,Create File,we,.txt,Sat Jul 13 2024 01:33:12 GMT+0300 (Israel Daylight Time)
28ebb2a7-e77c-44d9-b1c2-e6c0f4e9edde,aw,Create File,awww,.txt,Sat Jul 13 2024 01:38:21 GMT+0300 (Israel Daylight Time)
6ca33354-b087-41d9-a72e-af4d3f404da7,aw,Create File,awww,.txt,Sat Jul 13 2024 01:38:38 GMT+0300 (Israel Daylight Time)
a629e0b8-14dc-4f68-a239-13783b5b4d4e,aw,Create File,awww,.txt,Sat Jul 13 2024 01:38:45 GMT+0300 (Israel Daylight Time)
4486dbf6-06ee-4e80-b458-9491c1edfd41,awww,Edit File,awww,.txt,Sat Jul 13 2024 01:39:12 GMT+0300 (Israel Daylight Time)
b2d7b6f8-31b5-407d-9d46-5828bdd62699,awww,Edit File,awww,.txt,Sat Jul 13 2024 01:39:23 GMT+0300 (Israel Daylight Time)
189dde51-59b3-4967-935d-e76ec03fb950,eeaw,Create File,eweaq,.txt,Sat Jul 13 2024 01:40:04 GMT+0300 (Israel Daylight Time)
7151501f-9431-4004-84c9-922b6fed8cba,eeaw22,Create File,eweaq22,.txt,Sat Jul 13 2024 01:40:24 GMT+0300 (Israel Daylight Time)
492cd892-9b8d-4734-9176-92ddbdf32e52,eeaw22,Create File,eweaq22,.txt,Sat Jul 13 2024 01:41:00 GMT+0300 (Israel Daylight Time)
29cbf592-1d19-465c-9b50-63c2f4112baa,lolo,Create File,yallo,.txt,Sat Jul 13 2024 01:42:04 GMT+0300 (Israel Daylight Time)
53ebd86a-3d37-4e04-8745-9d6c3d103fe0,e1,Create File,e1,.txt,Sat Jul 13 2024 01:46:53 GMT+0300 (Israel Daylight Time)
fd2bde7f-4879-483a-8c63-0f4c84d9e788,e1,Create File,e11,.txt,Sat Jul 13 2024 01:47:40 GMT+0300 (Israel Daylight Time)
6cb753b3-3ac7-4755-a5f2-af6d5eeac8ae,e1,Create File,e11,.txt,Sat Jul 13 2024 01:47:49 GMT+0300 (Israel Daylight Time)
aa5006c8-b4b1-4c3e-b6ad-15a2d1900cd0,ewq,Create File,eqw,.txt,Sat Jul 13 2024 01:50:39 GMT+0300 (Israel Daylight Time)
70b45977-ed2c-4049-bf2f-c1a9bffdd774,ewq,Create File,eqw,.txt,Sat Jul 13 2024 01:50:52 GMT+0300 (Israel Daylight Time)
006e29d5-0168-41f1-a76d-ba32816e3a89,ewq,Create File,eqw,.txt,Sat Jul 13 2024 01:52:31 GMT+0300 (Israel Daylight Time)
c50f5d09-8f34-4e70-b6c8-a9bab4eace02,ewq,Create File,eqw,.txt,Sat Jul 13 2024 01:52:33 GMT+0300 (Israel Daylight Time)
0d8b0616-e444-4eeb-b55f-a1ff2ba8a2fc,ewq,Create File,eqw,.txt,Sat Jul 13 2024 01:52:46 GMT+0300 (Israel Daylight Time)
94b53e69-cf96-4548-8265-959d585c41e2,ewq,Create File,eqw,.txt,Sat Jul 13 2024 01:52:47 GMT+0300 (Israel Daylight Time)
13bfe32a-a4aa-433c-838b-3ea68374f7e9,ewq,Create File,3322,.txt,Sat Jul 13 2024 01:53:04 GMT+0300 (Israel Daylight Time)
e5321200-0833-49a9-ac4b-474d13a07072,ewq,Create File,3322,.txt,Sat Jul 13 2024 01:53:32 GMT+0300 (Israel Daylight Time)
090f7e98-31f1-43eb-a68b-e8fd4a029252,ewq,Create File,33221,.txt,Sat Jul 13 2024 01:53:52 GMT+0300 (Israel Daylight Time)
a1b82b48-bdd3-4d7a-bc36-68489159e36e,ewq,Create File,332213,.txt,Sat Jul 13 2024 01:54:07 GMT+0300 (Israel Daylight Time)
bd27870a-83a0-485e-9b57-fb6614467f8a,a,Create File,a,.txt,Sat Jul 13 2024 01:54:47 GMT+0300 (Israel Daylight Time)
bba5cb53-84ad-4366-a61d-1e3b68f7f7e1,undefined,Delete File,undefined,undefined,Sat Jul 13 2024 02:01:41 GMT+0300 (Israel Daylight Time)
e2f222cc-7e27-4574-8f40-5be749c11cd8,142,Edit File,44444,.txt,Sat Jul 13 2024 02:01:57 GMT+0300 (Israel Daylight Time)
09a7cc0c-cb60-4aa8-95a4-8e8294aff998,dwad,Edit File,dwad,.txt,Sat Jul 13 2024 02:02:21 GMT+0300 (Israel Daylight Time)
0ec84059-f13a-4ade-ab2c-d056d3bd14c3,qqqqwww,Create File,qqqwww,.txt,Sat Jul 13 2024 08:53:02 GMT+0300 (Israel Daylight Time)
fd9d02e6-9296-4a6d-b9db-b4a460ff3ef4,qqqqwww,Create File,qqqwww,.txt,Sat Jul 13 2024 08:53:39 GMT+0300 (Israel Daylight Time)
c07e968b-5531-43e9-9dc6-0611c99fb3a1,amr,Create File,test,.txt,Sat Jul 13 2024 13:33:03 GMT+0300 (Israel Daylight Time)
b22f8ffd-45d8-4e8f-b795-56e559767b24,amr,Create File,test,.txt,Sat Jul 13 2024 13:33:12 GMT+0300 (Israel Daylight Time)
86ce6f2b-62a0-4e60-90fc-42fe2e2d1ae3,amr,Create File,test2,.txt,Sat Jul 13 2024 13:34:59 GMT+0300 (Israel Daylight Time)
1ebf6a39-a6a1-4b8e-a097-0750727a44db,amr,Edit File,test1,.txt,Sat Jul 13 2024 13:35:38 GMT+0300 (Israel Daylight Time)
7df1e542-f2f0-420f-a32d-584ad0c59d1c,test1,Edit File,test,.txt,Sat Jul 13 2024 13:35:49 GMT+0300 (Israel Daylight Time)
9a276e10-ca94-4e15-bbad-e8b7e25421f4,test1,Edit File,test,.txt,Sat Jul 13 2024 13:38:38 GMT+0300 (Israel Daylight Time)
1c09a763-0c65-4ec0-aed8-b06190a4b578,undefined,Delete File,undefined,undefined,Sat Jul 13 2024 13:38:49 GMT+0300 (Israel Daylight Time)
395ad3ff-feb9-4267-a88b-cf46cdb23a55,undefined,Delete File,undefined,undefined,Sat Jul 13 2024 13:38:50 GMT+0300 (Israel Daylight Time)
c71875ce-144e-4990-8f4d-fa696d4ce33c,amr,Create File,test,.txt,Sat Jul 13 2024 13:39:27 GMT+0300 (Israel Daylight Time)
5a5904c8-800a-4893-892a-3b8aecf68c53,test,Edit File,test34,.txt,Sat Jul 13 2024 13:39:39 GMT+0300 (Israel Daylight Time)
208b5ca6-17ff-4bd1-ad5b-9ffd0f1df745,undefined,Delete File,undefined,undefined,Sat Jul 13 2024 13:43:59 GMT+0300 (Israel Daylight Time)
5cb16737-ff77-4ce3-a471-faebf408e13f,undefined,Delete File,undefined,undefined,Sat Jul 13 2024 13:44:01 GMT+0300 (Israel Daylight Time)
a2857b16-27c2-4018-994f-511b9732b6e4,amr,Create File,test,.txt,Sat Jul 13 2024 13:45:25 GMT+0300 (Israel Daylight Time)
6af76d8b-727b-4886-b353-f15abd694f30,momo,Edit File,test,.txt,Sat Jul 13 2024 13:46:07 GMT+0300 (Israel Daylight Time)
de58e4ea-c018-441e-9062-34020b712aff,amr,Create File,test,.txt,Sat Jul 13 2024 13:46:39 GMT+0300 (Israel Daylight Time)
054f0eb6-484c-44d9-bf3e-045e6a2b4c1a,test,Edit File,test2,.txt,Sat Jul 13 2024 13:46:52 GMT+0300 (Israel Daylight Time)
f8d9f260-a6d9-44d7-921f-f7060521f905,undefined,Delete File,undefined,undefined,Sat Jul 13 2024 13:47:09 GMT+0300 (Israel Daylight Time)
7e82f1cb-a7ae-4254-9479-0d562c592308,ggggg,Create File,ggggg,.txt,Sat Jul 13 2024 13:48:00 GMT+0300 (Israel Daylight Time)
515857fe-daf8-4e72-b0ed-deb99ab452cc,amr,Create File,test2,.txt,Sat Jul 13 2024 13:50:32 GMT+0300 (Israel Daylight Time)
9fedf48e-a125-4db2-8ee3-fa33d527e170,amr,Create File,test22,.txt,Sat Jul 13 2024 13:50:35 GMT+0300 (Israel Daylight Time)
592dbb15-ecf0-4590-ac09-5ad74bdfb051,SampleTextFile_1000kb,Edit File,SampleTextFile_1000kb,.txt,Sat Jul 13 2024 13:51:20 GMT+0300 (Israel Daylight Time)