id,name,action,file name,file type,date,notes,status
c20562ce-494d-4af2-9e1c-8bc71fcf7eb7,amr,Create File,file1,txt,Wed Jul 10 2024 20:26:48 GMT+0300 (Israel Daylight Time),Creating,'confirmed'
1aeb4078-e3eb-45b2-b2bb-4134c8f21dc1,amr,Create File,file2,txt,Wed Jul 10 2024 20:27:05 GMT+0300 (Israel Daylight Time),Creating,'confirmed'
10d2dc08-0a43-4e95-8b60-bc12943b0714,file1,Edit File,file1,.txt,Wed Jul 10 2024 20:28:19 GMT+0300 (Israel Daylight Time),edit,'confirmed'
5fa8ac4a-fa68-4d58-a38c-be06fe15747d,amr,Edit File,file1,.txt,Wed Jul 10 2024 20:28:42 GMT+0300 (Israel Daylight Time),edit,'confirmed'
2a02daad-e637-4cf2-a890-8f71c0be7983,amr,Edit File,file3,.txt,Wed Jul 10 2024 20:28:51 GMT+0300 (Israel Daylight Time),edit/rename,'confirmed'
0cc1df8f-453c-494e-9763-0d117a9748c7,amr,Edit File,file33,.txt,Wed Jul 10 2024 20:29:54 GMT+0300 (Israel Daylight Time),edit/rename file1,'confirmed'
d0ad985f-af28-4e4c-a35c-298da43d3b97,file3,Edit File,file3,.txt,Thu Jul 11 2024 21:09:34 GMT+0300 (Israel Daylight Time),edit,'confirmed'
2eb123bb-ab3d-4ff7-b037-e852a8965b5a,file3,Edit File,file3,.txt,Thu Jul 11 2024 21:11:08 GMT+0300 (Israel Daylight Time),edit,'confirmed'
d6d06c6a-989f-4fb3-96e3-37d251011d8b,ttt,Edit File,ttt,.txt,Thu Jul 11 2024 21:12:06 GMT+0300 (Israel Daylight Time),edit,'confirmed'
c3261a19-e2a4-42a7-8bd0-75c9a66c0305,amr,Create File,cs,txt,Thu Jul 11 2024 22:02:10 GMT+0300 (Israel Daylight Time),Creating,'confirmed'
fee0e0f4-6ad8-4fc1-aea4-439ff21d0dda,file33,Edit File,3322,.txt,Thu Jul 11 2024 22:02:48 GMT+0300 (Israel Daylight Time),edit/rename file33,'confirmed'
1477f290-89a8-4048-a541-29844c53135f,dawdwa,Create File,dwad,txt,Fri Jul 12 2024 15:55:54 GMT+0300 (Israel Daylight Time),Creating,'confirmed'
9d1d7415-1e44-454f-82a1-6d018b573032,daw,Edit File,daw,.txt,Fri Jul 12 2024 15:56:52 GMT+0300 (Israel Daylight Time),edit,'confirmed'
f1f1128e-dbb3-43f2-895c-d4be329941d4,daw,Edit File,dddaaa,.txt,Fri Jul 12 2024 15:57:02 GMT+0300 (Israel Daylight Time),edit/rename daw,'confirmed'
7f592651-622d-4a5c-b083-5dd19d2d363c,dddaaa,Edit File,dddaaa,.txt,Fri Jul 12 2024 17:02:00 GMT+0300 (Israel Daylight Time),edit,'confirmed'
93591ac4-15fb-4130-a894-5992d60446d9,ewew,Edit File,ewew,.txt,Fri Jul 12 2024 18:55:50 GMT+0300 (Israel Daylight Time),edit,'confirmed'
3096e94d-be0f-4b8d-a9af-3b6faf76106a,daw,Create File,maaaa,txt,Fri Jul 12 2024 18:58:42 GMT+0300 (Israel Daylight Time),Creating,'confirmed'
e7d03d5a-1c4f-4f82-9110-ac23a0934ac1,dwadaw,Create File,aaa,txt,Fri Jul 12 2024 19:00:26 GMT+0300 (Israel Daylight Time),Creating,'confirmed'
ca2d54d3-7576-427d-8367-69a801cda53f,www,Create File,wwww,txt,Fri Jul 12 2024 19:00:57 GMT+0300 (Israel Daylight Time),Creating,'confirmed'
0db8fc44-f4c6-4fdc-8730-1e3d67d5b7e3,SampleTextFile_500kb,Edit File,SampleTextFile_500kb,.txt,Sat Jul 13 2024 00:26:12 GMT+0300 (Israel Daylight Time),edit,'confirmed'
8ebe0e3c-f3ca-453e-a09b-a90dc3abdce9,dddaaa,Edit File,dddaaa,.txt,Sat Jul 13 2024 00:28:16 GMT+0300 (Israel Daylight Time),edit,'confirmed'
dd8d6d22-18f8-4c8f-9273-3d584e57cd67,dddaaa,Edit File,dddaaa,.txt,Sat Jul 13 2024 00:28:22 GMT+0300 (Israel Daylight Time),edit,'confirmed'
3f16a608-09aa-4047-9f74-3da2f1d098e0,amr,Create File,wewe,.txt,Sat Jul 13 2024 00:44:33 GMT+0300 (Israel Daylight Time),Creating,'confirmed'
9ecb007a-cd47-4753-98a8-5ba19826da84,amr,Create File,wewe,.txt,Sat Jul 13 2024 00:45:56 GMT+0300 (Israel Daylight Time),Creating,'confirmed'
26bfe7e2-0070-4bb0-b2ae-34eeb2612858,amr,Create File,wewe,.txt,Sat Jul 13 2024 00:46:04 GMT+0300 (Israel Daylight Time),Creating,'confirmed'
2f1734a3-1b15-47d5-9a35-483e5203ef11,amr,Create File,wewe,.txt,Sat Jul 13 2024 00:47:00 GMT+0300 (Israel Daylight Time),Creating,'confirmed'
91c23731-8a3c-4b1b-bdb8-8ce7c9871e28,amr,Create File,wewe,.txt,Sat Jul 13 2024 00:47:40 GMT+0300 (Israel Daylight Time),Creating,'confirmed'
c17f59c3-9421-4f46-ad1e-bfc6f422e30a,we,Create File,we,.txt,Sat Jul 13 2024 01:33:12 GMT+0300 (Israel Daylight Time),Creating,'confirmed'
a629e0b8-14dc-4f68-a239-13783b5b4d4e,aw,Create File,awww,.txt,Sat Jul 13 2024 01:38:45 GMT+0300 (Israel Daylight Time),Creating,'confirmed'
b2d7b6f8-31b5-407d-9d46-5828bdd62699,awww,Edit File,awww,.txt,Sat Jul 13 2024 01:39:23 GMT+0300 (Israel Daylight Time),edit,'confirmed'
189dde51-59b3-4967-935d-e76ec03fb950,eeaw,Create File,eweaq,.txt,Sat Jul 13 2024 01:40:04 GMT+0300 (Israel Daylight Time),Creating,'confirmed'
492cd892-9b8d-4734-9176-92ddbdf32e52,eeaw22,Create File,eweaq22,.txt,Sat Jul 13 2024 01:41:00 GMT+0300 (Israel Daylight Time),Creating,'confirmed'
29cbf592-1d19-465c-9b50-63c2f4112baa,lolo,Create File,yallo,.txt,Sat Jul 13 2024 01:42:04 GMT+0300 (Israel Daylight Time),Creating,'confirmed'
53ebd86a-3d37-4e04-8745-9d6c3d103fe0,e1,Create File,e1,.txt,Sat Jul 13 2024 01:46:53 GMT+0300 (Israel Daylight Time),Creating,'confirmed'
fd2bde7f-4879-483a-8c63-0f4c84d9e788,e1,Create File,e11,.txt,Sat Jul 13 2024 01:47:40 GMT+0300 (Israel Daylight Time),Creating,'confirmed'
6cb753b3-3ac7-4755-a5f2-af6d5eeac8ae,e1,Create File,e11,.txt,Sat Jul 13 2024 01:47:49 GMT+0300 (Israel Daylight Time),Creating,'confirmed'
70b45977-ed2c-4049-bf2f-c1a9bffdd774,ewq,Create File,eqw,.txt,Sat Jul 13 2024 01:50:52 GMT+0300 (Israel Daylight Time),Creating,'confirmed'
006e29d5-0168-41f1-a76d-ba32816e3a89,ewq,Create File,eqw,.txt,Sat Jul 13 2024 01:52:31 GMT+0300 (Israel Daylight Time),Creating,'confirmed'
c50f5d09-8f34-4e70-b6c8-a9bab4eace02,ewq,Create File,eqw,.txt,Sat Jul 13 2024 01:52:33 GMT+0300 (Israel Daylight Time),Creating,'confirmed'
0d8b0616-e444-4eeb-b55f-a1ff2ba8a2fc,ewq,Create File,eqw,.txt,Sat Jul 13 2024 01:52:46 GMT+0300 (Israel Daylight Time),Creating,'confirmed'
94b53e69-cf96-4548-8265-959d585c41e2,ewq,Create File,eqw,.txt,Sat Jul 13 2024 01:52:47 GMT+0300 (Israel Daylight Time),Creating,'confirmed'
13bfe32a-a4aa-433c-838b-3ea68374f7e9,ewq,Create File,3322,.txt,Sat Jul 13 2024 01:53:04 GMT+0300 (Israel Daylight Time),Creating,'confirmed'
090f7e98-31f1-43eb-a68b-e8fd4a029252,ewq,Create File,33221,.txt,Sat Jul 13 2024 01:53:52 GMT+0300 (Israel Daylight Time),Creating,'confirmed'
a1b82b48-bdd3-4d7a-bc36-68489159e36e,ewq,Create File,332213,.txt,Sat Jul 13 2024 01:54:07 GMT+0300 (Israel Daylight Time),Creating,'confirmed'
bd27870a-83a0-485e-9b57-fb6614467f8a,a,Create File,a,.txt,Sat Jul 13 2024 01:54:47 GMT+0300 (Israel Daylight Time),Creating,'confirmed'
e2f222cc-7e27-4574-8f40-5be749c11cd8,142,Edit File,44444,.txt,Sat Jul 13 2024 02:01:57 GMT+0300 (Israel Daylight Time),edit/rename 33221,'confirmed'
09a7cc0c-cb60-4aa8-95a4-8e8294aff998,dwad,Edit File,dwad,.txt,Sat Jul 13 2024 02:02:21 GMT+0300 (Israel Daylight Time),edit,'confirmed'
fd9d02e6-9296-4a6d-b9db-b4a460ff3ef4,qqqqwww,Create File,qqqwww,.txt,Sat Jul 13 2024 08:53:39 GMT+0300 (Israel Daylight Time),Creating,'confirmed'
c07e968b-5531-43e9-9dc6-0611c99fb3a1,amr,Create File,test,.txt,Sat Jul 13 2024 13:33:03 GMT+0300 (Israel Daylight Time),Creating,'confirmed'
86ce6f2b-62a0-4e60-90fc-42fe2e2d1ae3,amr,Create File,test2,.txt,Sat Jul 13 2024 13:34:59 GMT+0300 (Israel Daylight Time),Creating,'confirmed'
1ebf6a39-a6a1-4b8e-a097-0750727a44db,amr,Edit File,test1,.txt,Sat Jul 13 2024 13:35:38 GMT+0300 (Israel Daylight Time),edit/rename test2,'confirmed'
c71875ce-144e-4990-8f4d-fa696d4ce33c,amr,Create File,test,.txt,Sat Jul 13 2024 13:39:27 GMT+0300 (Israel Daylight Time),Creating,'confirmed'
5a5904c8-800a-4893-892a-3b8aecf68c53,test,Edit File,test34,.txt,Sat Jul 13 2024 13:39:39 GMT+0300 (Israel Daylight Time),edit/rename test,'confirmed'
a2857b16-27c2-4018-994f-511b9732b6e4,amr,Create File,test,.txt,Sat Jul 13 2024 13:45:25 GMT+0300 (Israel Daylight Time),Creating,'confirmed'
6af76d8b-727b-4886-b353-f15abd694f30,momo,Edit File,test,.txt,Sat Jul 13 2024 13:46:07 GMT+0300 (Israel Daylight Time),edit,'confirmed'
054f0eb6-484c-44d9-bf3e-045e6a2b4c1a,test,Edit File,test2,.txt,Sat Jul 13 2024 13:46:52 GMT+0300 (Israel Daylight Time),edit/rename test,'confirmed'
7e82f1cb-a7ae-4254-9479-0d562c592308,ggggg,Create File,ggggg,.txt,Sat Jul 13 2024 13:48:00 GMT+0300 (Israel Daylight Time),Creating,'confirmed'
9fedf48e-a125-4db2-8ee3-fa33d527e170,amr,Create File,test22,.txt,Sat Jul 13 2024 13:50:35 GMT+0300 (Israel Daylight Time),Creating,'confirmed'
592dbb15-ecf0-4590-ac09-5ad74bdfb051,SampleTextFile_1000kb,Edit File,SampleTextFile_1000kb,.txt,Sat Jul 13 2024 13:51:20 GMT+0300 (Israel Daylight Time),edit,'confirmed'